{"skeleton":{"hash":"H4BqP2e70Oi9rOLT0p1msA5iHKk","spine":"2.1.07","width":596.9,"height":295.09,"images":""},"bones":[{"name":"root","x":2293.96},{"name":"bone","parent":"root","length":620.45,"x":241.54,"y":47.19,"scaleX":0.86,"rotation":104.98},{"name":"bone10","parent":"bone","length":125.86,"x":40.99,"y":103.85,"rotation":7.31},{"name":"bone11","parent":"bone","length":212.77,"x":-13.46,"y":-72.91,"rotation":44.97},{"name":"bone2","parent":"bone","length":122.29,"x":-50.26,"y":-23.32,"rotation":-54.67},{"name":"bone5","parent":"bone","length":87.2,"x":102.78,"y":12.03,"rotation":-125.71},{"name":"bone7","parent":"bone","length":97.96,"x":20.4,"y":-86.1,"rotation":-6.78},{"name":"bone9","parent":"bone","length":76.5,"x":170.74,"y":14.82,"rotation":-32.53}],"slots":[{"name":"_0000_tree1","bone":"root"},{"name":"bush15","bone":"bone5"},{"name":"bush9","bone":"root"},{"name":"bush6","bone":"root"},{"name":"bush8","bone":"root"},{"name":"bush7","bone":"root"},{"name":"bush19","bone":"bone9","attachment":"bush2"},{"name":"bush5","bone":"root"},{"name":"tree3","bone":"bone"},{"name":"tree2","bone":"bone"},{"name":"bush1","bone":"root"},{"name":"bush23","bone":"bone2","attachment":"bush2"},{"name":"bush14","bone":"bone2"},{"name":"bush2","bone":"root"},{"name":"tree","bone":"root"},{"name":"bush22","bone":"bone5","attachment":"bush1"},{"name":"bush3","bone":"root"},{"name":"bush18","bone":"bone7","attachment":"bush4"},{"name":"bush4","bone":"root"},{"name":"bush21","bone":"bone10","attachment":"bush2"},{"name":"bush11","bone":"root"},{"name":"bush16","bone":"bone11","attachment":"bush1"},{"name":"bush10","bone":"root"}],"skins":{"default":{"bush16":{"bush1":{"x":221.56,"y":45.64,"rotation":-149.96,"width":502,"height":215}},"bush18":{"bush4":{"x":96.25,"y":62.42,"rotation":-98.2,"width":385,"height":179}},"bush19":{"bush2":{"x":26.78,"y":43.63,"rotation":-72.45,"width":313,"height":138}},"bush21":{"bush2":{"x":141.85,"y":31.49,"rotation":-105.34,"width":313,"height":138}},"bush22":{"bush1":{"x":35.95,"y":-30.77,"scaleX":0.778,"scaleY":0.778,"rotation":20.72,"width":502,"height":215}},"bush23":{"bush2":{"x":100.06,"y":-5.02,"rotation":-41.63,"width":313,"height":138}}}},"animations":{"animation":{"bones":{"root":{"rotate":[{"time":0,"angle":0,"curve":"stepped"},{"time":3.9333,"angle":0}],"translate":[{"time":0,"x":0,"y":0,"curve":"stepped"},{"time":3.9333,"x":0,"y":0}],"scale":[{"time":0,"x":1,"y":1,"curve":"stepped"},{"time":3.9333,"x":1,"y":1}]},"bone":{"rotate":[{"time":0,"angle":0,"curve":"stepped"},{"time":3.9333,"angle":0}],"translate":[{"time":0,"x":0,"y":0,"curve":"stepped"},{"time":3.9333,"x":0,"y":0}],"scale":[{"time":0,"x":1,"y":1,"curve":"stepped"},{"time":3.9333,"x":1,"y":1}]},"bone10":{"rotate":[{"time":0,"angle":0},{"time":1.9666,"angle":-4.04},{"time":3.9333,"angle":0}],"translate":[{"time":0,"x":0,"y":0,"curve":"stepped"},{"time":3.9333,"x":0,"y":0}],"scale":[{"time":0,"x":1,"y":1,"curve":"stepped"},{"time":3.9333,"x":1,"y":1}]},"bone11":{"rotate":[{"time":0,"angle":0},{"time":1.9666,"angle":-7.73},{"time":3.9333,"angle":0}],"translate":[{"time":0,"x":0,"y":0,"curve":"stepped"},{"time":3.9333,"x":0,"y":0}],"scale":[{"time":0,"x":1,"y":1,"curve":"stepped"},{"time":3.9333,"x":1,"y":1}]},"bone2":{"rotate":[{"time":0,"angle":0},{"time":1.9666,"angle":-8.33},{"time":3.9333,"angle":0}],"translate":[{"time":0,"x":0,"y":0,"curve":"stepped"},{"time":3.9333,"x":0,"y":0}],"scale":[{"time":0,"x":1,"y":1,"curve":"stepped"},{"time":3.9333,"x":1,"y":1}]},"bone5":{"rotate":[{"time":0,"angle":0},{"time":1.9666,"angle":-8.24},{"time":3.9333,"angle":0}],"translate":[{"time":0,"x":0,"y":0,"curve":"stepped"},{"time":3.9333,"x":0,"y":0}],"scale":[{"time":0,"x":1,"y":1,"curve":"stepped"},{"time":3.9333,"x":1,"y":1}]},"bone7":{"rotate":[{"time":0,"angle":0},{"time":1.9666,"angle":-6.96},{"time":3.9333,"angle":0}],"translate":[{"time":0,"x":0,"y":0},{"time":1.9666,"x":-2.46,"y":-9.2},{"time":3.9333,"x":0,"y":0}],"scale":[{"time":0,"x":1,"y":1,"curve":"stepped"},{"time":3.9333,"x":1,"y":1}]},"bone9":{"rotate":[{"time":0,"angle":0},{"time":1.9666,"angle":-8.56},{"time":3.9333,"angle":0}],"translate":[{"time":0,"x":0,"y":0},{"time":1.9666,"x":-8.58,"y":-30.81},{"time":3.9333,"x":0,"y":0}],"scale":[{"time":0,"x":1,"y":1,"curve":"stepped"},{"time":3.9333,"x":1,"y":1}]}}}}}