{"skeleton":{"hash":"fE74swr4XmhF1SVsHY9T1ihbIuI","spine":"2.1.07","width":1105.41,"height":1083.97,"images":""},"bones":[{"name":"root"},{"name":"bone","parent":"root","length":620.45,"x":241.54,"y":47.19,"rotation":104.98},{"name":"bone10","parent":"bone","length":125.86,"x":576.84,"y":58.25,"rotation":7.31},{"name":"bone11","parent":"bone","length":212.77,"x":531.21,"y":121.59,"rotation":44.97},{"name":"bone12","parent":"bone","length":84.47,"x":714.53,"y":472.89,"rotation":7.6},{"name":"bone2","parent":"bone","length":122.29,"x":490.84,"y":-204.44,"rotation":-54.67},{"name":"bone3","parent":"bone","length":114.8,"x":679.14,"y":-184.76,"rotation":-15.63},{"name":"bone5","parent":"bone","length":87.2,"x":695.18,"y":-58.33,"rotation":-125.71},{"name":"bone6","parent":"bone","length":76.59,"x":672.51,"y":-32.05,"rotation":-154.57},{"name":"bone7","parent":"bone","length":97.96,"x":810.44,"y":207.11,"rotation":-6.78},{"name":"bone8","parent":"bone","length":80.64,"x":799.34,"y":73.06,"rotation":-40.15},{"name":"bone9","parent":"bone","length":76.5,"x":791.7,"y":145.98,"rotation":-32.53},{"name":"bone4","parent":"bone3","length":70.73,"x":140.38,"y":-28.26,"rotation":13.71}],"slots":[{"name":"_0000_tree1","bone":"root"},{"name":"bush22","bone":"bone5","attachment":"bush1"},{"name":"bush15","bone":"bone5"},{"name":"bush9","bone":"root"},{"name":"bush20","bone":"bone8","attachment":"bush2"},{"name":"bush6","bone":"root"},{"name":"bush8","bone":"root","attachment":"bush2"},{"name":"bone5","bone":"bone4","attachment":"bush3"},{"name":"bush12","bone":"bone4"},{"name":"bush7","bone":"root"},{"name":"bush19","bone":"bone9","attachment":"bush2"},{"name":"bush5","bone":"root"},{"name":"tree2","bone":"bone","attachment":"tree"},{"name":"tree","bone":"root"},{"name":"bush13","bone":"bone3","attachment":"bush1"},{"name":"bone4","bone":"bone4"},{"name":"bush1","bone":"root"},{"name":"bush23","bone":"bone2","attachment":"bush2"},{"name":"bush14","bone":"bone2"},{"name":"bush2","bone":"root"},{"name":"bush17","bone":"bone12","attachment":"bush3"},{"name":"bush3","bone":"root"},{"name":"bush18","bone":"bone7","attachment":"bush4"},{"name":"bush4","bone":"root"},{"name":"bush21","bone":"bone10","attachment":"bush2"},{"name":"bush11","bone":"root"},{"name":"bush16","bone":"bone11","attachment":"bush1"},{"name":"bush10","bone":"root"},{"name":"tree3","bone":"root"}],"skins":{"default":{"bone5":{"bush3":{"x":70.07,"y":29.28,"rotation":-103.07,"width":175,"height":97}},"bush13":{"bush1":{"x":111.31,"y":-47.95,"rotation":-89.35,"width":502,"height":215}},"bush16":{"bush1":{"x":231.11,"y":31.45,"rotation":-149.96,"width":502,"height":215}},"bush17":{"bush3":{"x":49.75,"y":15.49,"rotation":-112.59,"width":175,"height":97}},"bush18":{"bush4":{"x":96.25,"y":62.42,"rotation":-98.2,"width":385,"height":179}},"bush19":{"bush2":{"x":26.78,"y":43.63,"rotation":-72.45,"width":313,"height":138}},"bush20":{"bush2":{"x":52.16,"y":-1.87,"rotation":-64.83,"width":313,"height":138}},"bush21":{"bush2":{"x":141.85,"y":31.49,"rotation":-105.34,"width":313,"height":138}},"bush22":{"bush1":{"x":35.95,"y":-30.77,"scaleX":0.778,"scaleY":0.778,"rotation":20.72,"width":502,"height":215}},"bush23":{"bush2":{"x":100.06,"y":-5.02,"rotation":-41.63,"width":313,"height":138}},"bush8":{"bush2":{"x":-55.93,"y":634.63,"rotation":5.66,"width":313,"height":138}},"tree2":{"tree":{"x":454.32,"y":114.22,"rotation":-104.98,"width":1105,"height":1078}}}},"animations":{"animation":{"bones":{"root":{"rotate":[{"time":0,"angle":0,"curve":"stepped"},{"time":3.9333,"angle":0}],"translate":[{"time":0,"x":0,"y":0,"curve":"stepped"},{"time":3.9333,"x":0,"y":0}],"scale":[{"time":0,"x":1,"y":1,"curve":"stepped"},{"time":3.9333,"x":1,"y":1}]},"bone":{"rotate":[{"time":0,"angle":0,"curve":"stepped"},{"time":3.9333,"angle":0}],"translate":[{"time":0,"x":0,"y":0,"curve":"stepped"},{"time":3.9333,"x":0,"y":0}],"scale":[{"time":0,"x":1,"y":1,"curve":"stepped"},{"time":3.9333,"x":1,"y":1}]},"bone10":{"rotate":[{"time":0,"angle":0},{"time":1.9666,"angle":-4.04},{"time":3.9333,"angle":0}],"translate":[{"time":0,"x":0,"y":0,"curve":"stepped"},{"time":3.9333,"x":0,"y":0}],"scale":[{"time":0,"x":1,"y":1,"curve":"stepped"},{"time":3.9333,"x":1,"y":1}]},"bone11":{"rotate":[{"time":0,"angle":0},{"time":1.9666,"angle":-7.73},{"time":3.9333,"angle":0}],"translate":[{"time":0,"x":0,"y":0,"curve":"stepped"},{"time":3.9333,"x":0,"y":0}],"scale":[{"time":0,"x":1,"y":1,"curve":"stepped"},{"time":3.9333,"x":1,"y":1}]},"bone12":{"rotate":[{"time":0,"angle":0},{"time":1.9666,"angle":-3.25},{"time":3.9333,"angle":0}],"translate":[{"time":0,"x":0,"y":0},{"time":1.9666,"x":11.43,"y":-3.06},{"time":3.9333,"x":0,"y":0}],"scale":[{"time":0,"x":1,"y":1,"curve":"stepped"},{"time":3.9333,"x":1,"y":1}]},"bone2":{"rotate":[{"time":0,"angle":0},{"time":1.9666,"angle":-8.33},{"time":3.9333,"angle":0}],"translate":[{"time":0,"x":0,"y":0,"curve":"stepped"},{"time":3.9333,"x":0,"y":0}],"scale":[{"time":0,"x":1,"y":1,"curve":"stepped"},{"time":3.9333,"x":1,"y":1}]},"bone3":{"rotate":[{"time":0,"angle":0},{"time":1.9666,"angle":-6.53},{"time":3.9333,"angle":0}],"translate":[{"time":0,"x":0,"y":0,"curve":"stepped"},{"time":3.9333,"x":0,"y":0}],"scale":[{"time":0,"x":1,"y":1,"curve":"stepped"},{"time":3.9333,"x":1,"y":1}]},"bone5":{"rotate":[{"time":0,"angle":0},{"time":1.9666,"angle":-8.24},{"time":3.9333,"angle":0}],"translate":[{"time":0,"x":0,"y":0,"curve":"stepped"},{"time":3.9333,"x":0,"y":0}],"scale":[{"time":0,"x":1,"y":1,"curve":"stepped"},{"time":3.9333,"x":1,"y":1}]},"bone6":{"rotate":[{"time":0,"angle":0},{"time":1.9666,"angle":-5.7},{"time":3.9333,"angle":0}],"translate":[{"time":0,"x":0,"y":0,"curve":"stepped"},{"time":3.9333,"x":0,"y":0}],"scale":[{"time":0,"x":1,"y":1,"curve":"stepped"},{"time":3.9333,"x":1,"y":1}]},"bone7":{"rotate":[{"time":0,"angle":0},{"time":1.9666,"angle":-6.96},{"time":3.9333,"angle":0}],"translate":[{"time":0,"x":0,"y":0},{"time":1.9666,"x":-2.46,"y":-9.2},{"time":3.9333,"x":0,"y":0}],"scale":[{"time":0,"x":1,"y":1,"curve":"stepped"},{"time":3.9333,"x":1,"y":1}]},"bone8":{"rotate":[{"time":0,"angle":0},{"time":1.9666,"angle":-6.41},{"time":3.9333,"angle":0}],"translate":[{"time":0,"x":0,"y":0},{"time":1.9666,"x":-2.14,"y":-8.01},{"time":3.9333,"x":0,"y":0}],"scale":[{"time":0,"x":1,"y":1,"curve":"stepped"},{"time":3.9333,"x":1,"y":1}]},"bone9":{"rotate":[{"time":0,"angle":0},{"time":1.9666,"angle":-3.05},{"time":3.9333,"angle":0}],"translate":[{"time":0,"x":0,"y":0},{"time":1.9666,"x":-3.18,"y":0.85},{"time":3.9333,"x":0,"y":0}],"scale":[{"time":0,"x":1,"y":1,"curve":"stepped"},{"time":3.9333,"x":1,"y":1}]},"bone4":{"rotate":[{"time":0,"angle":0,"curve":"stepped"},{"time":3.9333,"angle":0}],"translate":[{"time":0,"x":0,"y":0,"curve":"stepped"},{"time":3.9333,"x":0,"y":0}],"scale":[{"time":0,"x":1,"y":1,"curve":"stepped"},{"time":3.9333,"x":1,"y":1}]}}}}}